{
  "system_overview": {
    "total_categories": 9,
    "total_dimensions": 54,
    "complexity_measure": 94.76163348891791,
    "information_density": 0.26637967287185815
  },
  "dimensional_vectors": {
    "physical_properties": {
      "dimensions": [
        8.428571428571429,
        1.0,
        1.0,
        0.8428571428571429,
        4.0,
        6.5
      ],
      "magnitude": 11.489178582030828,
      "unit_vector": [
        0.7336095760365137,
        0.08703842427551857,
        0.08703842427551857,
        0.07336095760365137,
        0.3481536971020743,
        0.5657497577908707
      ],
      "entropy": 3.7747004527375663
    },
    "computer_verbs": {
      "dimensions": [
        7.0625,
        1.0,
        1.0,
        0.5650000000000001,
        4.0,
        14.625
      ],
      "magnitude": 16.795498094727648,
      "unit_vector": [
        0.42049958626812156,
        0.05953976442734465,
        0.05953976442734465,
        0.03363996690144973,
        0.2381590577093786,
        0.8707690547499154
      ],
      "entropy": 3.9767607926805115
    },
    "ia_architecture": {
      "dimensions": [
        11.642857142857142,
        1.2857142857142858,
        1.0,
        1.7464285714285717,
        4.0,
        0.0
      ],
      "magnitude": 12.540302884243722,
      "unit_vector": [
        0.9284350824959597,
        0.10252657352716121,
        0.07974289052112538,
        0.139265262374394,
        0.3189715620845015,
        0.0
      ],
      "entropy": 3.7346325466701296
    },
    "circuit_components": {
      "dimensions": [
        8.538461538461538,
        1.1538461538461537,
        1.0,
        1.1099999999999999,
        4.0,
        0.38461538461538464
      ],
      "magnitude": 9.623757861906928,
      "unit_vector": [
        0.8872273867424237,
        0.11989559280303022,
        0.10390951376262621,
        0.11533956027651507,
        0.41563805505050483,
        0.03996519760101008
      ],
      "entropy": 3.6550764427912945
    },
    "data_structures": {
      "dimensions": [
        5.833333333333333,
        1.25,
        1.0,
        0.6416666666666667,
        4.0,
        1.0
      ],
      "magnitude": 7.34860625485465,
      "unit_vector": [
        0.7938013183764888,
        0.1701002825092476,
        0.1360802260073981,
        0.08731814502141379,
        0.5443209040295924,
        0.1360802260073981
      ],
      "entropy": 3.5170229837641265
    },
    "algorithms": {
      "dimensions": [
        11.0,
        1.9090909090909092,
        1.0,
        1.5399999999999998,
        4.0,
        1.1818181818181819
      ],
      "magnitude": 12.05872805539828,
      "unit_vector": [
        0.9122023441830315,
        0.158316109321022,
        0.08292748583482104,
        0.1277083281856244,
        0.33170994333928416,
        0.09800521053206124
      ],
      "entropy": 3.392731185701592
    },
    "network_protocols": {
      "dimensions": [
        3.5,
        1.0,
        1.0,
        0.35,
        4.0,
        2.0
      ],
      "magnitude": 5.862806495186414,
      "unit_vector": [
        0.5969837146891396,
        0.17056677562546843,
        0.17056677562546843,
        0.05969837146891395,
        0.6822671025018737,
        0.34113355125093686
      ],
      "entropy": 3.9787187078806747
    },
    "security_concepts": {
      "dimensions": [
        8.714285714285714,
        1.1428571428571428,
        1.0,
        1.0457142857142858,
        4.0,
        2.4285714285714284
      ],
      "magnitude": 10.0616288696316,
      "unit_vector": [
        0.8660909507989815,
        0.1135856984654402,
        0.09938748615726019,
        0.1039309140958778,
        0.39754994462904075,
        0.24136960923906042
      ],
      "entropy": 3.6158984910289482
    },
    "threading_concepts": {
      "dimensions": [
        6.9375,
        1.0,
        1.0,
        0.685,
        4.0,
        3.75
      ],
      "magnitude": 8.981126390937831,
      "unit_vector": [
        0.7724532200103654,
        0.1113446082897824,
        0.1113446082897824,
        0.07627105667850095,
        0.4453784331591296,
        0.417542281086684
      ],
      "entropy": 3.9182971785992886
    }
  },
  "interaction_matrix": [
    [
      11.489178582030828,
      0.8968682162027314,
      0.818241075810445,
      0.8461357978328363,
      0.8818901504231713,
      0.8704991098740604,
      0.9025542644422384,
      0.9364972179802981,
      0.9829415080155754
    ],
    [
      0.8968682162027314,
      16.795498094727648,
      0.4819096944970235,
      0.5240724962405338,
      0.6030898241799667,
      0.5665800311542485,
      0.732887297759833,
      0.6852247989212565,
      0.8102946841289305
    ],
    [
      0.818241075810445,
      0.4819096944970235,
      12.540302884243722,
      0.9929510750993354,
      0.95106749560857,
      0.9933565169395939,
      0.8112874519836859,
      0.964961314112521,
      0.8901523543856574
    ],
    [
      0.8461357978328363,
      0.5240724962405338,
      0.9929510750993354,
      9.623757861906928,
      0.9805667650675081,
      0.9934471562296652,
      0.8719292417141972,
      0.9792359568009151,
      0.9208615993236042
    ],
    [
      0.8818901504231713,
      0.6030898241799667,
      0.95106749560857,
      0.9805667650675081,
      7.34860625485465,
      0.9673663111286167,
      0.9491172097004523,
      0.9786652004179415,
      0.9531738197535156
    ],
    [
      0.8704991098740604,
      0.5665800311542485,
      0.9933565169395939,
      0.9934471562296652,
      0.9673663111286167,
      12.05872805539828,
      0.8530897127833065,
      0.985074188063504,
      0.9298930347992865
    ],
    [
      0.9025542644422384,
      0.732887297759833,
      0.8112874519836859,
      0.8719292417141972,
      0.9491172097004523,
      0.8530897127833065,
      5.862806495186414,
      0.9131473695648136,
      0.9499833664706541
    ],
    [
      0.9364972179802981,
      0.6852247989212565,
      0.964961314112521,
      0.9792359568009151,
      0.9786652004179415,
      0.985074188063504,
      0.9131473695648136,
      10.0616288696316,
      0.9784972688922691
    ],
    [
      0.9829415080155754,
      0.8102946841289305,
      0.8901523543856574,
      0.9208615993236042,
      0.9531738197535156,
      0.9298930347992865,
      0.9499833664706541,
      0.9784972688922691,
      8.981126390937831
    ]
  ],
  "dimensional_formulas": {
    "category_physical_properties": "\u27e88.43\u00b7L, 1.00\u00b7D, 1.00\u00b7R, 0.84\u00b7W, 4.00\u00b7P, 6.50\u00b7C\u27e9 || ||v|| = 11.489, H = 3.775",
    "category_computer_verbs": "\u27e87.06\u00b7L, 1.00\u00b7D, 1.00\u00b7R, 0.57\u00b7W, 4.00\u00b7P, 14.62\u00b7C\u27e9 || ||v|| = 16.795, H = 3.977",
    "category_ia_architecture": "\u27e811.64\u00b7L, 1.29\u00b7D, 1.00\u00b7R, 1.75\u00b7W, 4.00\u00b7P\u27e9 || ||v|| = 12.540, H = 3.735",
    "category_circuit_components": "\u27e88.54\u00b7L, 1.15\u00b7D, 1.00\u00b7R, 1.11\u00b7W, 4.00\u00b7P, 0.38\u00b7C\u27e9 || ||v|| = 9.624, H = 3.655",
    "category_data_structures": "\u27e85.83\u00b7L, 1.25\u00b7D, 1.00\u00b7R, 0.64\u00b7W, 4.00\u00b7P, 1.00\u00b7C\u27e9 || ||v|| = 7.349, H = 3.517",
    "category_algorithms": "\u27e811.00\u00b7L, 1.91\u00b7D, 1.00\u00b7R, 1.54\u00b7W, 4.00\u00b7P, 1.18\u00b7C\u27e9 || ||v|| = 12.059, H = 3.393",
    "category_network_protocols": "\u27e83.50\u00b7L, 1.00\u00b7D, 1.00\u00b7R, 0.35\u00b7W, 4.00\u00b7P, 2.00\u00b7C\u27e9 || ||v|| = 5.863, H = 3.979",
    "category_security_concepts": "\u27e88.71\u00b7L, 1.14\u00b7D, 1.00\u00b7R, 1.05\u00b7W, 4.00\u00b7P, 2.43\u00b7C\u27e9 || ||v|| = 10.062, H = 3.616",
    "category_threading_concepts": "\u27e86.94\u00b7L, 1.00\u00b7D, 1.00\u00b7R, 0.69\u00b7W, 4.00\u00b7P, 3.75\u00b7C\u27e9 || ||v|| = 8.981, H = 3.918",
    "total_dimensions": "D_total = \u03a3(D_i) = 54",
    "complexity": "C_system = ||\u03bb|| = 94.762",