{
  "system_overview": {
    "total_categories": 11,
    "total_dimensions": 66,
    "complexity_measure": 102.73117801628237,
    "information_density": 0.19911766112164336
  },
  "dimensional_vectors": {
    "physical_properties": {
      "dimensions": [
        6.107142857142857,
        1.7857142857142858,
        2.3332142857142855,
        0.6107142857142858,
        4.0,
        11.607142857142858
      ],
      "magnitude": 14.036687484435717,
      "unit_vector": [
        0.4350843362377792,
        0.12721764217478926,
        0.16622257126557963,
        0.043508433623777924,
        0.2849675184715279,
        0.8269146741361302
      ],
      "entropy": 4.655361480421518
    },
    "computer_verbs": {
      "dimensions": [
        6.964285714285714,
        1.0,
        1.0,
        0.5571428571428572,
        4.0,
        0.14285714285714285
      ],
      "magnitude": 8.175089714292724,
      "unit_vector": [
        0.8518910443404518,
        0.12232281662324436,
        0.12232281662324436,
        0.06815128354723614,
        0.48929126649297744,
        0.017474688089034907
      ],
      "entropy": 4.783128021516547
    },
    "ia_architecture": {
      "dimensions": [
        8.80952380952381,
        1.9047619047619047,
        2.0157142857142856,
        1.3214285714285714,
        4.0,
        1.0
      ],
      "magnitude": 10.2002502525879,
      "unit_vector": [
        0.8636576153892647,
        0.18673678170578695,
        0.19761419924014903,
        0.1295486423083897,
        0.3921472415821526,
        0.09803681039553815
      ],
      "entropy": 4.149614384595148
    },
    "circuit_components": {
      "dimensions": [
        6.7368421052631575,
        1.6842105263157894,
        2.2726315789473683,
        0.8757894736842106,
        4.0,
        1.9473684210526316
      ],
      "magnitude": 8.599169257047876,
      "unit_vector": [
        0.7834294108982265,
        0.19585735272455662,
        0.2642850153326986,
        0.10184582341676945,
        0.465161212720822,
        0.22646006408776861
      ],
      "entropy": 4.0762413005793325
    },
    "data_structures": {
      "dimensions": [
        4.947368421052632,
        1.894736842105263,
        2.1842105263157894,
        0.5442105263157895,
        4.0,
        2.5789473684210527
      ],
      "magnitude": 7.468894981439177,
      "unit_vector": [
        0.6623963027124163,
        0.2536836904004998,
        0.292440920878354,
        0.0728635932983658,
        0.5355544575121663,
        0.34529168971179147
      ],
      "entropy": 4.142540922916084
    },
    "algorithms": {
      "dimensions": [
        7.944444444444445,
        2.111111111111111,
        1.8894444444444443,
        1.1122222222222222,
        4.0,
        3.1666666666666665
      ],
      "magnitude": 9.919969960254198,
      "unit_vector": [
        0.8008536796255449,
        0.21281426451587906,
        0.19046876674171173,
        0.11211951514757629,
        0.4032270275037708,
        0.31922139677381856
      ],
      "entropy": 3.9207713140279408
    },
    "network_protocols": {
      "dimensions": [
        3.5833333333333335,
        2.25,
        2.8333333333333335,
        0.35833333333333334,
        4.0,
        4.041666666666667
      ],
      "magnitude": 7.641598509328907,
      "unit_vector": [
        0.4689245750033556,
        0.29444101221140934,
        0.3707775709328858,
        0.046892457500335556,
        0.5234506883758387,
        0.5289032997130871
      ],
      "entropy": 4.566806580304017
    },
    "security_concepts": {
      "dimensions": [
        6.681818181818182,
        2.1363636363636362,
        3.08,
        0.8054545454545454,
        4.0,
        4.909090909090909
      ],
      "magnitude": 9.972215119027732,
      "unit_vector": [
        0.6700435261438327,
        0.2142316035970077,
        0.3088581587177286,
        0.08076987267529738,
        0.40111449184120596,
        0.492276876350571
      ],
      "entropy": 4.167736618358237
    },
    "threading_concepts": {
      "dimensions": [
        6.3,
        1.55,
        1.725,
        0.623,
        4.0,
        5.6
      ],
      "magnitude": 9.634119264364543,
      "unit_vector": [
        0.6539258885140594,
        0.16088652812647494,
        0.17905113614075438,
        0.06466600453083476,
        0.41519104032638693,
        0.5812674564569417
      ],
      "entropy": 4.215342924749883
    },
    "cloud_services": {
      "dimensions": [
        5.526315789473684,
        1.8421052631578947,
        3.7189473684210523,
        0.5526315789473685,
        0.0,
        6.526315789473684
      ],
      "magnitude": 9.521674589094578,
      "unit_vector": [
        0.5803932635760434,
        0.19346442119201446,
        0.39057702861222116,
        0.058039326357604344,
        0.0,
        0.6854168065088512
      ],
      "entropy": 4.066773823594221
    },
    "system_administration": {
      "dimensions": [
        6.294117647058823,
        1.0,
        1.0,
        0.5517647058823529,
        2.3529411764705883,
        3.1176470588235294
      ],
      "magnitude": 7.56150888440902,
      "unit_vector": [
        0.8323891095382544,
        0.1322487370294423,
        0.1322487370294423,
        0.07297018549036287,
        0.3111734988928054,
        0.41230488603296717
      ],
      "entropy": 4.048332992523261
    }
  },